{
  "auc": 0.580108,
  "trained_at": "2026-05-23T15:14:07.830730+00:00",
  "n_samples": 100000,
  "model_version": 1
}